prompt,seed,section,group,rms_dbfs,peak,notes
0,510001,DROP,0,-11.56744,0.8764206,141
0,510001,DROP,1,-13.13450,0.8519093,88
0,510001,DROP,2,-17.61170,0.5540830,32
0,510001,DROP,3,-19.49149,0.3569591,12
0,510001,FINAL ANSWER,0,-11.18116,0.8933074,146
0,510001,FINAL ANSWER,1,-12.71310,0.8699210,88
0,510001,FINAL ANSWER,2,-17.07884,0.5727320,38
0,510001,FINAL ANSWER,3,-18.91894,0.3621936,12
0,510002,DROP,0,-10.42919,0.8946583,157
0,510002,DROP,1,-13.20136,0.8424005,104
0,510002,DROP,2,-13.30418,0.7707090,32
0,510002,DROP,3,-14.81794,0.6872045,12
0,510002,FINAL ANSWER,0,-10.12964,0.9395072,159
0,510002,FINAL ANSWER,1,-12.81596,0.8670126,104
0,510002,FINAL ANSWER,2,-13.05405,0.7978198,35
0,510002,FINAL ANSWER,3,-14.48308,0.6697282,11
0,510003,DROP,0,-9.68800,0.9500000,124
0,510003,DROP,1,-13.09897,0.8721356,73
0,510003,DROP,2,-14.09097,0.7708063,30
0,510003,DROP,3,-15.95927,0.6631760,10
0,510003,FINAL ANSWER,0,-9.19634,0.9500000,128
0,510003,FINAL ANSWER,1,-12.64085,0.8920912,72
0,510003,FINAL ANSWER,2,-13.08067,0.8279767,36
0,510003,FINAL ANSWER,3,-14.63954,0.7015493,10
1,510001,DROP,0,-11.54855,0.9192342,190
1,510001,DROP,1,-13.02933,0.8681636,89
1,510001,DROP,2,-18.32172,0.5628594,72
1,510001,DROP,3,-21.23809,0.3340303,12
1,510001,FINAL ANSWER,0,-11.15694,0.9319982,196
1,510001,FINAL ANSWER,1,-12.61535,0.8863503,90
1,510001,FINAL ANSWER,2,-17.79208,0.5845876,77
1,510001,FINAL ANSWER,3,-20.74760,0.3600288,12
1,510002,DROP,0,-10.69263,0.9500000,187
1,510002,DROP,1,-13.19895,0.8449532,105
1,510002,DROP,2,-14.16921,0.7280138,53
1,510002,DROP,3,-15.32322,0.5649291,12
1,510002,FINAL ANSWER,0,-10.35336,0.9500000,188
1,510002,FINAL ANSWER,1,-12.75581,0.8648266,106
1,510002,FINAL ANSWER,2,-14.02741,0.7723804,53
1,510002,FINAL ANSWER,3,-14.83621,0.6014358,12
1,510003,DROP,0,-9.21332,0.9500000,156
1,510003,DROP,1,-13.05065,0.8486840,73
1,510003,DROP,2,-14.28378,0.7771720,54
1,510003,DROP,3,-15.48841,0.6336514,12
1,510003,FINAL ANSWER,0,-8.88621,0.9500000,156
1,510003,FINAL ANSWER,1,-12.59462,0.8746471,74
1,510003,FINAL ANSWER,2,-13.90101,0.7667275,53
1,510003,FINAL ANSWER,3,-14.98927,0.6675650,12
2,510001,DROP,0,-11.09168,0.9104465,166
2,510001,DROP,1,-12.98422,0.8700346,111
2,510001,DROP,2,-16.00087,0.5921113,34
2,510001,DROP,3,-17.22175,0.3981847,10
2,510001,FINAL ANSWER,0,-10.59593,0.9271594,166
2,510001,FINAL ANSWER,1,-12.56351,0.8791781,110
2,510001,FINAL ANSWER,2,-15.17206,0.6239364,36
2,510001,FINAL ANSWER,3,-16.05634,0.4651289,10
2,510002,DROP,0,-10.32022,0.9195522,166
2,510002,DROP,1,-12.91541,0.8554578,111
2,510002,DROP,2,-13.53380,0.7440993,34
2,510002,DROP,3,-14.78130,0.5519819,12
2,510002,FINAL ANSWER,0,-9.84492,0.9294587,166
2,510002,FINAL ANSWER,1,-12.50985,0.8805174,110
2,510002,FINAL ANSWER,2,-12.74972,0.7469673,36
2,510002,FINAL ANSWER,3,-14.00250,0.5658924,12
2,510003,DROP,0,-9.40221,0.9348874,166
2,510003,DROP,1,-12.87089,0.8599907,111
2,510003,DROP,2,-13.45898,0.7913132,34
2,510003,DROP,3,-14.95622,0.7001678,10
2,510003,FINAL ANSWER,0,-8.99652,0.9482037,166
2,510003,FINAL ANSWER,1,-12.40654,0.8677650,110
2,510003,FINAL ANSWER,2,-12.74075,0.8195308,36
2,510003,FINAL ANSWER,3,-14.00224,0.7551970,10
