prompt,seed,group,rms_dbfs,peak,notes
0,510001,0,-10.83114,0.9249912,141
0,510001,1,-11.58375,0.9154638,88
0,510001,2,-21.21246,0.4059773,32
0,510001,3,-23.41250,0.2557805,12
0,510002,0,-10.07568,0.9287202,157
0,510002,1,-11.64528,0.9084624,104
0,510002,2,-14.79312,0.6986831,32
0,510002,3,-15.88423,0.6275167,12
0,510003,0,-9.27590,0.9500000,124
0,510003,1,-11.53910,0.9299042,73
0,510003,2,-15.68971,0.6823433,30
0,510003,3,-17.03810,0.6035128,10
1,510001,0,-10.84429,0.9430528,190
1,510001,1,-11.47038,0.9271188,89
1,510001,2,-24.00249,0.3173844,72
1,510001,3,-34.16167,0.1217982,12
1,510002,0,-10.31916,0.9500000,187
1,510002,1,-11.63628,0.9103547,105
1,510002,2,-16.43132,0.5982303,53
1,510002,3,-16.90114,0.5016233,12
1,510003,0,-8.83797,0.9500000,156
1,510003,1,-11.48100,0.9131036,73
1,510003,2,-15.71349,0.6437078,54
1,510003,3,-16.35789,0.5917498,12
2,510001,0,-10.56389,0.9329730,160
2,510001,1,-11.43056,0.9224370,105
2,510001,2,-19.22250,0.4456901,34
2,510001,3,-20.49089,0.3331008,10
2,510002,0,-9.85367,0.9463477,160
2,510002,1,-11.36778,0.9180496,105
2,510002,2,-14.99892,0.6505587,34
2,510002,3,-15.85502,0.4956887,12
2,510003,0,-9.02746,0.9470525,160
2,510003,1,-11.32086,0.9209493,105
2,510003,2,-14.94290,0.7026169,34
2,510003,3,-16.02067,0.6405913,10
