file,integrated_lufs,true_peak_dbfs
0-510001-lead.wav,-20.1,-11.8
0-510001-mix.wav,-8.9,1.0
0-510002-lead.wav,-11.4,-4.0
0-510002-mix.wav,-8.0,1.0
0-510003-lead.wav,-13.2,-4.4
0-510003-mix.wav,-7.1,1.0
1-510001-lead.wav,-30.5,-18.3
1-510001-mix.wav,-8.9,1.0
1-510002-lead.wav,-13.2,-6.0
1-510002-mix.wav,-8.5,1.0
1-510003-lead.wav,-12.7,-4.6
1-510003-mix.wav,-6.7,1.0
2-510001-lead.wav,-17.6,-9.5
2-510001-mix.wav,-8.5,0.9
2-510002-lead.wav,-12.9,-6.1
2-510002-mix.wav,-7.8,1.3
2-510003-lead.wav,-11.9,-3.8
2-510003-mix.wav,-6.7,1.2
